DeployID,Ptt,DepthSensor,Instr,SW,RTC,Received,Time Offset,LocationQuality,Latitude,Longitude,Type,HauledOut,BrokenThermistor,BrokenLink,Transmits,BattVoltage,TransmitVoltage,TransmitCurrent,Temperature,Depth,MaxDepth,ZeroDepthOffset,LightLevel,NoDawnDusk,ReleaseType,ReleaseTime,InitiallyBroken,BurnMinutes,ReleaseDepth,FastGPSPower,TWICPower,PowerLimit,WetDry,MinWetDry,MaxWetDry,WetDryThreshold,StatusWord,TransmitPower,Resets,PreReleaseTilt,PreReleaseTiltSd,PreReleaseTiltCount,XmitQueue,FastGPSLocNumber,FastGPSFailures,BattDiscon
165928,165928,,UT,,,09:25:55 19-Oct-2016,,,,,,,,,,,,,15.35,,,,,,,,,,,,,,,,,,,,,,,,,,,
165928,165928,,UT,,,11:11:14 19-Oct-2016,,,,,,,,,,,,,,,,,,,,,,,,,,,,,,,,,,,,,,,,
165928,165928,,UT,,,14:46:59 19-Oct-2016,,,,,,,,,,,,,15.15,,,,,,,,,,,,,,,,,,,,,,,,,,,
165928,165928,,UT,,,21:47:54 19-Oct-2016,,B,41.1963,-68.6621,,,,,177,,,,,,,,,,,,,,,,,,,,,,,,,,,,,,,
165928,165928,,UT,,,21:48:45 19-Oct-2016,,B,41.1963,-68.6621,,,,,,,,,16.10,,,,,,,,,,,,,,,,,,,,,,,,,,,
165928,165928,,UT,1.00a,,22:24:21 19-Oct-2016,,2,41.1675,-68.6245,,0,,,,,,,,,,,,,,,,,,,,,,,,,,,,,,,,,,
165928,165928,,UT,,22:25:04 19-Oct-2016,22:25:05 19-Oct-2016,1,2,41.1675,-68.6245,CRC,,,,190,3.400,,,16.05,,,,,,,,,,,,,,102,34,,,,,,,,,0,,,
165928,165928,,UT,,,22:26:36 19-Oct-2016,,2,41.1675,-68.6245,,,,,192,,,,,,,,,,,,,,,,,,,,,,,,,,,,,,,
165928,165928,,UT,,,22:28:02 19-Oct-2016,,2,41.1675,-68.6245,,,,,,,,,16.05,,,,,,,,,,,,,,,,,,,,,,,,,,,
165928,165928,,UT,,,22:34:05 19-Oct-2016,,2,41.1675,-68.6245,,,,,,,,,,,,,,,,,,,,,,,,,,,,,,,,,,,,
165928,165928,,UT,,,09:20:23 20-Oct-2016,,B,41.1987,-68.6133,,,,,,,,,,,,,,,,,,,,,,,,,,,,,,,,,,,,
165928,165928,,UT,,,12:20:56 20-Oct-2016,,B,41.2453,-68.5971,,,,,237,,,,,,,,,,,,,,,,,,,,,,,,,,,,,,,
165928,165928,,UT,,,12:21:46 20-Oct-2016,,B,41.2453,-68.5971,,,,,,,,,15.95,,,,,,,,,,,,,,,,,,,,,,,,,,,
165928,165928,,UT,,,22:07:16 20-Oct-2016,,B,41.3633,-68.5274,,,,,257,,,,,,,,,,,,,,,,,,,,,,,,,,,,,,,
165928,165928,,UT,,,07:26:43 21-Oct-2016,,B,41.5353,-68.3583,,,,,352,,,,,,,,,,,,,,,,,,,,,,,,,,,,,,,
165928,165928,,UT,,,07:29:44 21-Oct-2016,,B,41.5353,-68.3583,,,,,,,,,,,,,,,,,,,,,,,,,,,,,,,,,,,,
165928,165928,,UT,,,08:33:33 21-Oct-2016,,B,41.5550,-68.3498,,,,,,,,,16.45,,,,,,,,,,,,,,,,,,,,,,,,,,,
165928,165928,,UT,1.00a,,09:02:43 21-Oct-2016,,2,41.5773,-68.3172,,0,,,,,,,,,,,,,,,,,,,,,,,,,,,,,,,,,,
165928,165928,,UT,,09:03:28 21-Oct-2016,09:03:30 21-Oct-2016,2,2,41.5773,-68.3172,CRC,,,,405,3.425,,,16.45,,,,,,,,,,,,,,148,33,,,,,,,,,0,,,
165928,165928,,UT,,,09:05:05 21-Oct-2016,,2,41.5773,-68.3172,,,,,407,,,,,,,,,,,,,,,,,,,,,,,,,,,,,,,
165928,165928,,UT,,,09:05:52 21-Oct-2016,,2,41.5773,-68.3172,,,,,,,,,16.45,,,,,,,,,,,,,,,,,,,,,,,,,,,
165928,165928,,UT,1.00a,,10:21:36 21-Oct-2016,,3,41.5798,-68.3276,,0,,,,,,,,,,,,,,,,,,,,,,,,,,,,,,,,,,
165928,165928,,UT,,,10:23:04 21-Oct-2016,,3,41.5798,-68.3276,,,,,,,,,,,,,,,,,,,,,,,,,,,,,,,,,,,,
165928,165928,,UT,,,11:25:36 21-Oct-2016,,0,41.5724,-68.3284,,,,,,,,,,,,,,,,,,,,,,,,,,,,,,,,,,,,
165928,165928,,UT,,,11:26:26 21-Oct-2016,,0,41.5724,-68.3284,,,,,452,,,,,,,,,,,,,,,,,,,,,,,,,,,,,,,
165928,165928,,UT,,,11:27:57 21-Oct-2016,,0,41.5724,-68.3284,,,,,,,,,16.15,,,,,,,,,,,,,,,,,,,,,,,,,,,
165928,165928,,UT,1.00a,,11:28:42 21-Oct-2016,,0,41.5724,-68.3284,,0,,,,,,,,,,,,,,,,,,,,,,,,,,,,,,,,,,
165928,165928,,UT,,,11:49:22 21-Oct-2016,,B,41.5754,-68.3257,,,,,,,,,16.15,,,,,,,,,,,,,,,,,,,,,,,,,,,
165928,165928,,UT,1.00a,,11:50:33 21-Oct-2016,,B,41.5754,-68.3257,,0,,,,,,,,,,,,,,,,,,,,,,,,,,,,,,,,,,
165928,165928,,UT,,,22:20:22 21-Oct-2016,,B,41.6807,-68.2550,,,,,,,,,15.90,,,,,,,,,,,,,,,,,,,,,,,,,,,
165928,165928,,UT,1.00a,,22:49:58 21-Oct-2016,,B,41.6512,-68.3116,,0,,,,,,,,,,,,,,,,,,,,,,,,,,,,,,,,,,
165928,165928,,UT,,22:50:46 21-Oct-2016,22:50:47 21-Oct-2016,1,B,41.6512,-68.3116,CRC,,,,545,3.425,,,16.20,,,,,,,,,,,,,,255,33,,,,,,,,,0,,,
165928,165928,,UT,,,23:17:04 21-Oct-2016,,A,41.6022,-68.3514,,,,,557,,,,,,,,,,,,,,,,,,,,,,,,,,,,,,,
165928,165928,,UT,,,23:21:05 21-Oct-2016,,A,41.6022,-68.3514,,,,,,,,,15.95,,,,,,,,,,,,,,,,,,,,,,,,,,,
165928,165928,,UT,1.00a,,23:24:36 21-Oct-2016,,A,41.6022,-68.3514,,0,,,,,,,,,,,,,,,,,,,,,,,,,,,,,,,,,,
165928,165928,,UT,,,00:31:10 22-Oct-2016,,B,41.6178,-68.3538,,,,,572,,,,,,,,,,,,,,,,,,,,,,,,,,,,,,,
165928,165928,,UT,,,08:53:44 22-Oct-2016,,B,41.6014,-68.5860,,,,,,,,,,,,,,,,,,,,,,,,,,,,,,,,,,,,
165928,165928,,UT,,,08:54:29 22-Oct-2016,,B,41.6014,-68.5860,,,,,622,,,,,,,,,,,,,,,,,,,,,,,,,,,,,,,
165928,165928,,UT,1.00a,,09:37:05 22-Oct-2016,,B,41.5973,-68.6006,,0,,,,,,,,,,,,,,,,,,,,,,,,,,,,,,,,,,
165928,165928,,UT,,,09:52:54 22-Oct-2016,,B,41.5850,-68.6199,,,,,,,,,,,,,,,,,,,,,,,,,,,,,,,,,,,,
165928,165928,,UT,,,09:53:38 22-Oct-2016,,B,41.5850,-68.6199,,,,,642,,,,,,,,,,,,,,,,,,,,,,,,,,,,,,,
165928,165928,,UT,,,01:09:32 23-Oct-2016,,A,41.7520,-68.3249,,,,,,,,,,,,,,,,,,,,,,,,,,,,,,,,,,,,
165928,165928,,UT,,,01:10:17 23-Oct-2016,,A,41.7520,-68.3249,,,,,737,,,,,,,,,,,,,,,,,,,,,,,,,,,,,,,
165928,165928,,UT,1.00a,,01:12:04 23-Oct-2016,,B,41.7519,-68.3235,,0,,,,,,,,,,,,,,,,,,,,,,,,,,,,,,,,,,
165928,165928,,UT,,,01:13:51 23-Oct-2016,,A,41.7520,-68.3249,,,,,,,,,,,,,,,,,,,,,,,,,,,,,,,,,,,,
165928,165928,,UT,,,07:00:17 23-Oct-2016,,B,41.8649,-68.2612,,,,,,,,,13.75,,,,,,,,,,,,,,,,,,,,,,,,,,,
165928,165928,,UT,1.00a,,07:01:14 23-Oct-2016,,B,41.8649,-68.2612,,0,,,,,,,,,,,,,,,,,,,,,,,,,,,,,,,,,,
165928,165928,,UT,1.00a,,09:31:30 23-Oct-2016,,B,41.8225,-68.1812,,0,,,,,,,,,,,,,,,,,,,,,,,,,,,,,,,,,,
165928,165928,,UT,,,10:46:14 23-Oct-2016,,2,41.8218,-68.1680,,,,,,,,,14.85,,,,,,,,,,,,,,,,,,,,,,,,,,,
165928,165928,,UT,,10:47:48 23-Oct-2016,10:47:50 23-Oct-2016,2,2,41.8218,-68.1680,CRC,,,,910,3.425,,,14.80,,,,,,,,,,,,,,114,31,,,,,,,,,0,,,
165928,165928,,UT,,,10:49:28 23-Oct-2016,,2,41.8218,-68.1680,,,,,912,,,,,,,,,,,,,,,,,,,,,,,,,,,,,,,
165928,165928,,UT,1.00a,,10:50:57 23-Oct-2016,,2,41.8218,-68.1680,,0,,,,,,,,,,,,,,,,,,,,,,,,,,,,,,,,,,
165928,165928,,UT,,10:51:40 23-Oct-2016,10:51:42 23-Oct-2016,2,2,41.8218,-68.1680,CRC,,,,915,3.425,,,14.60,,,,,,,,,,,,,,255,31,,,,,,,,,0,,,
165928,165928,,UT,,,10:52:49 23-Oct-2016,,2,41.8218,-68.1680,,,,,,,,,,,,,,,,,,,,,,,,,,,,,,,,,,,,
165928,165928,,UT,,,10:53:33 23-Oct-2016,,2,41.8218,-68.1680,,,,,917,,,,,,,,,,,,,,,,,,,,,,,,,,,,,,,
165928,165928,,UT,,10:56:03 23-Oct-2016,10:56:04 23-Oct-2016,1,2,41.8218,-68.1680,CRC,,,,920,3.400,,,14.60,,,,,,,,,,,,,,255,31,,,,,,,,,0,,,
165928,165928,,UT,1.00a,,10:59:30 23-Oct-2016,,A,41.8285,-68.1519,,0,,,,,,,,,,,,,,,,,,,,,,,,,,,,,,,,,,
165928,165928,,UT,,,11:01:47 23-Oct-2016,,A,41.8285,-68.1519,,,,,927,,,,,,,,,,,,,,,,,,,,,,,,,,,,,,,
165928,165928,,UT,,,11:02:32 23-Oct-2016,,A,41.8285,-68.1519,,,,,,,,,14.55,,,,,,,,,,,,,,,,,,,,,,,,,,,
165928,165928,,UT,,,20:48:58 23-Oct-2016,,0,41.8574,-67.7934,,,,,942,,,,,,,,,,,,,,,,,,,,,,,,,,,,,,,
165928,165928,,UT,,,20:49:47 23-Oct-2016,,0,41.8574,-67.7934,,,,,,,,,15.20,,,,,,,,,,,,,,,,,,,,,,,,,,,
165928,165928,,UT,1.00a,,20:50:37 23-Oct-2016,,A,41.8595,-67.7924,,0,,,,,,,,,,,,,,,,,,,,,,,,,,,,,,,,,,
165928,165928,,UT,,20:51:26 23-Oct-2016,20:51:28 23-Oct-2016,2,0,41.8574,-67.7934,CRC,,,,945,3.400,,,15.20,,,,,,,,,,,,,,255,31,,,,,,,,,0,,,
165928,165928,,UT,,22:31:01 23-Oct-2016,22:31:03 23-Oct-2016,2,B,41.8358,-67.5634,CRC,,,,970,3.450,,,15.45,,,,,,,,,,,,,,214,31,,,,,,,,,0,,,
165928,165928,,UT,,,22:57:54 23-Oct-2016,,0,41.5440,-66.4189,,,,,,,,,,,,,,,,,,,,,,,,,,,,,,,,,,,,
165928,165928,,UT,,,22:58:42 23-Oct-2016,,0,41.5440,-66.4189,,,,,977,,,,,,,,,,,,,,,,,,,,,,,,,,,,,,,
165928,165928,,UT,,,22:59:26 23-Oct-2016,,0,41.5440,-66.4189,,,,,,,,,15.30,,,,,,,,,,,,,,,,,,,,,,,,,,,
165928,165928,,UT,,23:00:53 23-Oct-2016,23:00:54 23-Oct-2016,1,0,41.5440,-66.4189,CRC,,,,980,3.400,,,15.30,,,,,,,,,,,,,,131,31,,,,,,,,,0,,,
165928,165928,,UT,,,23:02:22 23-Oct-2016,,0,41.5440,-66.4189,,,,,,,,,,,,,4294942275,,,,,,,,,,,,,,,,,,,,,,,
165928,165928,,UT,,,23:03:11 23-Oct-2016,,0,41.5440,-66.4189,,,,,,,,,15.35,,,,,,,,,,,,,,,,,,,,,,,,,,,
165928,165928,,UT,,23:59:36 23-Oct-2016,23:59:38 23-Oct-2016,2,B,41.5759,-66.5273,CRC,,,,1005,3.450,,,15.35,,,,,,,,,,,,,,185,31,,,,,,,,,0,,,
165928,165928,,UT,,,00:45:01 24-Oct-2016,,B,41.6796,-66.7598,,,,,,,,,15.30,,,,,,,,,,,,,,,,,,,,,,,,,,,
165928,165928,,UT,,00:46:32 24-Oct-2016,00:46:34 24-Oct-2016,2,B,41.6796,-66.7598,CRC,,,,1015,3.450,,,15.30,,,,,,,,,,,,,,158,31,,,,,,,,,0,,,
165928,165928,,UT,1.00a,,01:34:15 24-Oct-2016,,B,41.7627,-66.8987,,0,,,,,,,,,,,,,,,,,,,,,,,,,,,,,,,,,,
165928,165928,,UT,,01:35:05 24-Oct-2016,01:35:07 24-Oct-2016,2,B,41.7627,-66.8987,CRC,,,,1040,3.425,,,15.65,,,,,,,,,,,,,,255,31,,,,,,,,,0,,,
165928,165928,,UT,,,02:26:14 24-Oct-2016,,B,41.7506,-66.8859,,,,,1067,,,,,,,,,,,,,,,,,,,,,,,,,,,,,,,
165928,165928,,UT,,,02:27:01 24-Oct-2016,,B,41.7506,-66.8859,,,,,,,,,834.85,,,,,,,,,,,,,,,,,,,,,,,,,,,
165928,165928,,UT,,,06:55:37 24-Oct-2016,,B,42.0047,-67.3696,,,,,1177,,,,,,,,,,,,,,,,,,,,,,,,,,,,,,,
165928,165928,,UT,,,21:59:25 24-Oct-2016,,1,41.6646,-67.5732,,,,,,,,,15.75,,,,,,,,,,,,,,,,,,,,,,,,,,,
165928,165928,,UT,,22:00:52 24-Oct-2016,22:00:54 24-Oct-2016,2,1,41.6646,-67.5732,CRC,,,,1230,3.425,,,15.70,,,,,,,,,,,,,,218,31,,,,,,,,,0,,,
165928,165928,,UT,,,22:02:29 24-Oct-2016,,1,41.6646,-67.5732,,,,,1232,,,,,,,,,,,,,,,,,,,,,,,,,,,,,,,
165928,165928,,UT,1.00a,,22:06:50 24-Oct-2016,,1,41.6646,-67.5732,,0,,,,,,,,,,,,,,,,,,,,,,,,,,,,,,,,,,
165928,165928,,UT,,22:07:32 24-Oct-2016,22:07:34 24-Oct-2016,2,1,41.6646,-67.5732,CRC,,,,1235,3.425,,,15.70,,,,,,,,,,,,,,255,31,,,,,,,,,0,,,
165928,165928,,UT,,,22:08:22 24-Oct-2016,,1,41.6646,-67.5732,,,,,,,,,,,,,,,,,,,,,,,,,,,,,,,,,,,,
165928,165928,,UT,,,22:13:38 24-Oct-2016,,1,41.6580,-67.5729,,,,,1242,,,,,,,,,,,,,,,,,,,,,,,,,,,,,,,
165928,165928,,UT,1.00a,,22:15:13 24-Oct-2016,,1,41.6580,-67.5729,,0,,,,,,,,,,,,,,,,,,,,,,,,,,,,,,,,,,
165928,165928,,UT,,,22:16:42 24-Oct-2016,,1,41.6580,-67.5729,,,,,,,,,,,,,,,,,,,,,,,,,,,,,,,,,,,,
165928,165928,,UT,,,22:22:10 24-Oct-2016,,1,41.6580,-67.5729,,,,,1247,,,,,,,,,,,,,,,,,,,,,,,,,,,,,,,
165928,165928,,UT,,,22:22:57 24-Oct-2016,,1,41.6580,-67.5729,,,,,,,,,15.80,,,,,,,,,,,,,,,,,,,,,,,,,,,
165928,165928,,UT,,,22:27:01 24-Oct-2016,,B,41.6579,-67.5727,,,,,1252,,,,,,,,,,,,,,,,,,,,,,,,,,,,,,,
165928,165928,,UT,,,01:09:26 25-Oct-2016,,B,41.6741,-67.6449,,,,,,,,,,,,,,,,,,,,,,,,,,,,,,,,,,,,
165928,165928,,UT,1.00a,,06:43:26 25-Oct-2016,,B,41.6992,-67.7793,,0,,,,,,,,,,,,,,,,,,,,,,,,,,,,,,,,,,
165928,165928,,UT,,,08:10:05 25-Oct-2016,,A,41.6132,-67.2489,,,,,1412,,,,,,,,,,,,,,,,,,,,,,,,,,,,,,,
165928,165928,,UT,1.00a,,08:11:38 25-Oct-2016,,A,41.6132,-67.2489,,0,,,,,,,,,,,,,,,,,,,,,,,,,,,,,,,,,,
165928,165928,,UT,,,19:46:06 25-Oct-2016,,1,41.5558,-67.0498,,,,,1437,,,,,,,,,,,,,,,,,,,,,,,,,,,,,,,
165928,165928,,UT,,,19:46:56 25-Oct-2016,,1,41.5558,-67.0498,,,,,,,,,15.65,,,,,,,,,,,,,,,,,,,,,,,,,,,
165928,165928,,UT,,,19:49:49 25-Oct-2016,,1,41.5558,-67.0498,,,,,,,,,,,,,,,,,,,,,,,,,,,,,,,,,,,,
165928,165928,,UT,,,19:51:27 25-Oct-2016,,1,41.5558,-67.0498,,,,,,,,,15.65,,,,,,,,,,,,,,,,,,,,,,,,,,,
165928,165928,,UT,,,20:27:40 25-Oct-2016,,A,41.5546,-67.0458,,,,,,,,,,,,,,,,,,,,,,,,,,,,,,,,,,,,
165928,165928,,UT,1.00a,,20:30:36 25-Oct-2016,,A,41.5546,-67.0458,,0,,,,,,,,,,,,,,,,,,,,,,,,,,,,,,,,,,
165928,165928,,UT,,,21:35:02 25-Oct-2016,,0,41.5409,-66.9882,,,,,,,,,,,,,,,,,,,,,,,,,,,,,,,,,,,,
165928,165928,,UT,,,21:37:19 25-Oct-2016,,0,41.5409,-66.9882,,,,,,,,,15.65,,,,,,,,,,,,,,,,,,,,,,,,,,,
165928,165928,,UT,,21:39:23 25-Oct-2016,21:39:25 25-Oct-2016,2,0,41.5409,-66.9882,CRC,,,,1520,3.375,,,15.70,,,,,,,,,,,,,,182,30,,,,,,,,,0,,,
165928,165928,,UT,,,23:41:01 25-Oct-2016,,A,41.5244,-67.0695,,,,,,,,,15.85,,,,,,,,,,,,,,,,,,,,,,,,,,,
165928,165928,,UT,1.00a,,23:41:53 25-Oct-2016,,A,41.5244,-67.0695,,0,,,,,,,,,,,,,,,,,,,,,,,,,,,,,,,,,,
165928,165928,,UT,1.00a,,00:58:06 26-Oct-2016,,B,41.5130,-67.0450,,0,,,,,,,,,,,,,,,,,,,,,,,,,,,,,,,,,,
165928,165928,,UT,1.00a,,10:29:02 26-Oct-2016,,B,41.4310,-66.8810,,0,,,,,,,,,,,,,,,,,,,,,,,,,,,,,,,,,,
165928,165928,,UT,,,10:31:12 26-Oct-2016,,B,41.4310,-66.8810,,,,,,,,,,,,,,,,,,,,,,,,,,,,,,,,,,,,
165928,165928,,UT,,,21:54:06 26-Oct-2016,,A,41.4070,-67.6850,,,,,1687,,,,,,,,,,,,,,,,,,,,,,,,,,,,,,,
165928,165928,,UT,1.00a,,21:56:15 26-Oct-2016,,A,41.4070,-67.6850,,0,,,,,,,,,,,,,,,,,,,,,,,,,,,,,,,,,,
165928,165928,,UT,,,21:57:46 26-Oct-2016,,A,41.4070,-67.6850,,,,,,,,,,,,,,,,,,,,,,,,,,,,,,,,,,,,
165928,165928,,UT,,22:50:02 26-Oct-2016,22:50:05 26-Oct-2016,3,B,41.4000,-67.6920,CRC,,,,1720,3.400,,,15.55,,,,,,,,,,,,,,255,30,,,,,,,,,0,,,
165928,165928,,UT,,,23:07:10 26-Oct-2016,,2,41.4230,-67.7220,,,,,1727,,,,,,,,,,,,,,,,,,,,,,,,,,,,,,,
165928,165928,,UT,1.00a,,23:09:04 26-Oct-2016,,2,41.4230,-67.7220,,0,,,,,,,,,,,,,,,,,,,,,,,,,,,,,,,,,,
165928,165928,,UT,,,00:35:02 27-Oct-2016,,2,41.4240,-67.7290,,,,,1762,,,,,,,,,,,,,,,,,,,,,,,,,,,,,,,
165928,165928,,UT,,,00:35:45 27-Oct-2016,,2,41.4240,-67.7290,,,,,,,,,15.65,,,,,,,,,,,,,,,,,,,,,,,,,,,
165928,165928,,UT,1.00a,,00:36:40 27-Oct-2016,,2,41.4240,-67.7290,,0,,,,,,,,,,,,,,,,,,,,,,,,,,,,,,,,,,
165928,165928,,UT,,,00:38:09 27-Oct-2016,,2,41.4240,-67.7290,,,,,,,,,,,,,,,,,,,,,,,,,,,,,,,,,,,,
165928,165928,,UT,,02:07:49 27-Oct-2016,02:07:52 27-Oct-2016,3,2,41.3760,-67.7290,CRC,,,,1830,3.450,,,15.85,,,,,,,,,,,,,,255,30,,,,,,,,,0,,,
165928,165928,,UT,,,02:10:20 27-Oct-2016,,2,41.3760,-67.7290,,,,,,,,,15.85,,,,,,,,,,,,,,,,,,,,,,,,,,,
165928,165928,,UT,1.00a,,02:11:13 27-Oct-2016,,2,41.3760,-67.7290,,0,,,,,,,,,,,,,,,,,,,,,,,,,,,,,,,,,,
165928,165928,,UT,,02:11:56 27-Oct-2016,02:11:58 27-Oct-2016,2,2,41.3760,-67.7290,CRC,,,,1835,3.425,,,15.85,,,,,,,,,,,,,,149,30,,,,,,,,,0,,,
165928,165928,,UT,,,02:13:36 27-Oct-2016,,2,41.3760,-67.7290,,,,,1837,,,,,,,,,,,,,,,,,,,,,,,,,,,,,,,
165928,165928,,UT,,,21:47:27 27-Oct-2016,,B,41.1410,-67.8930,,,,,1912,,,,,,,,,,,,,,,,,,,,,,,,,,,,,,,
165928,165928,,UT,1.00a,,22:24:27 27-Oct-2016,,1,41.2690,-67.8240,,0,,,,,,,,,,,,,,,,,,,,,,,,,,,,,,,,,,
165928,165928,,UT,,,22:26:10 27-Oct-2016,,1,41.2690,-67.8240,,,,,,,,,,,,,,,,,,,,,,,,,,,,,,,,,,,,
165928,165928,,UT,,,22:30:53 27-Oct-2016,,1,41.2690,-67.8240,,,,,1922,,,,,,,,,,,,,,,,,,,,,,,,,,,,,,,
165928,165928,,UT,,,22:31:37 27-Oct-2016,,1,41.2690,-67.8240,,,,,,,,,16.05,,,,,,,,,,,,,,,,,,,,,,,,,,,
165928,165928,,UT,,,22:36:18 27-Oct-2016,,A,41.2770,-67.8460,,,,,1927,,,,,,,,,,,,,,,,,,,,,,,,,,,,,,,
165928,165928,,UT,1.00a,,22:38:10 27-Oct-2016,,A,41.2770,-67.8460,,0,,,,,,,,,,,,,,,,,,,,,,,,,,,,,,,,,,
165928,165928,,UT,,,23:23:46 27-Oct-2016,,3,41.3070,-67.8830,,,,,,,,,16.00,,,,,,,,,,,,,,,,,,,,,,,,,,,
165928,165928,,UT,1.00a,,23:28:51 27-Oct-2016,,3,41.3070,-67.8830,,0,,,,,,,,,,,,,,,,,,,,,,,,,,,,,,,,,,
165928,165928,,UT,,,01:47:50 28-Oct-2016,,B,41.3690,-67.8690,,,,,,,,,15.90,,,,,,,,,,,,,,,,,,,,,,,,,,,
165928,165928,,UT,,01:49:17 28-Oct-2016,01:49:20 28-Oct-2016,3,B,41.3690,-67.8690,CRC,,,,2020,3.375,,,15.90,,,,,,,,,,,,,,121,30,,,,,,,,,0,,,
165928,165928,,UT,1.00a,,02:43:12 28-Oct-2016,,B,41.3350,-67.9190,,0,,,,,,,,,,,,,,,,,,,,,,,,,,,,,,,,,,
165928,165928,,UT,,,03:32:55 28-Oct-2016,,B,41.3330,-67.9930,,,,,,,,,15.85,,,,,,,,,,,,,,,,,,,,,,,,,,,
165928,165928,,UT,,,21:31:20 28-Oct-2016,,1,41.5210,-68.4290,,,,,2157,,,,,,,,,,,,,,,,,,,,,,,,,,,,,,,
165928,165928,,UT,1.00a,,21:32:49 28-Oct-2016,,1,41.5210,-68.4290,,0,,,,,,,,,,,,,,,,,,,,,,,,,,,,,,,,,,
165928,165928,,UT,,,21:36:21 28-Oct-2016,,1,41.5210,-68.4290,,,,,,,,,14.50,,,,,,,,,,,,,,,,,,,,,,,,,,,
165928,165928,,UT,,,21:38:42 28-Oct-2016,,1,41.5210,-68.4290,,,,,,,,,,,,,,,,,,,,,,,,,,,,,,,,,,,,
165928,165928,,UT,,,21:39:26 28-Oct-2016,,1,41.5210,-68.4290,,,,,2167,,,,,,,,,,,,,,,,,,,,,,,,,,,,,,,
165928,165928,,UT,,,21:40:16 28-Oct-2016,,1,41.5210,-68.4290,,,,,,,,,14.55,,,,,,,,,,,,,,,,,,,,,,,,,,,
165928,165928,,UT,,,23:44:43 28-Oct-2016,,A,41.5910,-68.4420,,,,,,,,,14.75,,,,,,,,,,,,,,,,,,,,,,,,,,,
165928,165928,,UT,,,23:47:44 28-Oct-2016,,B,41.5940,-68.4440,,,,,2222,,,,,,,,,,,,,,,,,,,,,,,,,,,,,,,
165928,165928,,UT,1.00a,,23:49:12 28-Oct-2016,,A,41.5910,-68.4420,,0,,,,,,,,,,,,,,,,,,,,,,,,,,,,,,,,,,
165928,165928,,UT,,,23:50:43 28-Oct-2016,,1,41.5930,-68.4380,,,,,,,,,,,,,,,,,,,,,,,,,,,,,,,,,,,,
165928,165928,,UT,1.00a,,23:53:12 28-Oct-2016,,1,41.5930,-68.4380,,0,,,,,,,,,,,,,,,,,,,,,,,,,,,,,,,,,,
165928,165928,,UT,,,07:31:27 29-Oct-2016,,1,41.4650,-68.2380,,,,,2362,,,,,,,,,,,,,,,,,,,,,,,,,,,,,,,
165928,165928,,UT,1.00a,,07:33:09 29-Oct-2016,,1,41.4650,-68.2380,,0,,,,,,,,,,,,,,,,,,,,,,,,,,,,,,,,,,
165928,165928,,UT,,07:33:56 29-Oct-2016,07:33:59 29-Oct-2016,3,1,41.4650,-68.2380,CRC,,,,2365,3.425,,,15.15,,,,,,,,,,,,,,255,21,,,,,,,,,0,,,
165928,165928,,UT,,,07:34:47 29-Oct-2016,,1,41.4650,-68.2380,,,,,,,,,,,,,,,,,,,,,,,,,,,,,,,,,,,,
165928,165928,,UT,,,21:42:09 29-Oct-2016,,B,41.3060,-67.8760,,,,,2412,,,,,,,,,,,,,,,,,,,,,,,,,,,,,,,
165928,165928,,UT,,,21:42:55 29-Oct-2016,,B,41.3060,-67.8760,,,,,,,,,15.45,,,,,,,,,,,,,,,,,,,,,,,,,,,
165928,165928,,UT,,,22:57:12 29-Oct-2016,,1,41.2520,-68.0030,,,,,2432,,,,,,,,,,,,,,,,,,,,,,,,,,,,,,,
165928,165928,,UT,,,23:04:57 29-Oct-2016,,1,41.2520,-68.0030,,,,,,,,,,,,,,,,,,,,,,,,,,,,,,,,,,,,
165928,165928,,UT,,,23:05:41 29-Oct-2016,,1,41.2520,-68.0030,,,,,2437,,,,,,,,,,,,,,,,,,,,,,,,,,,,,,,
165928,165928,,UT,,,23:07:14 29-Oct-2016,,1,41.2520,-68.0030,,,,,,,,,15.50,,,,,,,,,,,,,,,,,,,,,,,,,,,
165928,165928,,UT,,,23:15:24 29-Oct-2016,,B,41.2480,-68.0060,,,,,,,,,,,,,,,,,,,,,,,,,,,,,,,,,,,,
165928,165928,,UT,,,01:07:53 30-Oct-2016,,A,41.2820,-67.9950,,,,,,,,,15.70,,,,,,,,,,,,,,,,,,,,,,,,,,,
165928,165928,,UT,,,01:13:21 30-Oct-2016,,A,41.2820,-67.9950,,,,,,,,,,,,,,,,,,,,,,,,,,,,,,,,,,,,
165928,165928,,UT,,,01:14:05 30-Oct-2016,,A,41.2820,-67.9950,,,,,2482,,,,,,,,,,,,,,,,,,,,,,,,,,,,,,,
165928,165928,,UT,1.00a,,02:54:39 30-Oct-2016,,B,41.2550,-67.9900,,0,,,,,,,,,,,,,,,,,,,,,,,,,,,,,,,,,,
165928,165928,,UT,,,09:56:32 30-Oct-2016,,B,41.1840,-68.0000,,,,,,,,,15.85,,,,,,,,,,,,,,,,,,,,,,,,,,,
165928,165928,,UT,,,10:36:05 30-Oct-2016,,B,41.1870,-68.0070,,,,,2617,,,,,,,,,,,,,,,,,,,,,,,,,,,,,,,
165928,165928,,UT,,,10:36:49 30-Oct-2016,,B,41.1870,-68.0070,,,,,,,,,15.85,,,,,,,,,,,,,,,,,,,,,,,,,,,
165928,165928,,UT,,,21:10:06 30-Oct-2016,,1,40.8510,-67.6500,,,,,,,,,,,,,,,,,,,,,,,,,,,,,,,,,,,,
165928,165928,,UT,,,21:10:51 30-Oct-2016,,1,40.8510,-67.6500,,,,,2682,,,,,,,,,,,,,,,,,,,,,,,,,,,,,,,
165928,165928,,UT,1.00a,,21:12:29 30-Oct-2016,,1,40.8510,-67.6500,,0,,,,,,,,,,,,,,,,,,,,,,,,,,,,,,,,,,
165928,165928,,UT,,,21:15:39 30-Oct-2016,,2,40.8540,-67.6450,,,,,,,,,15.25,,,,,,,,,,,,,,,,,,,,,,,,,,,
165928,165928,,UT,,,21:18:35 30-Oct-2016,,2,40.8540,-67.6450,,,,,,,,,,,,,,,,,,,,,,,,,,,,,,,,,,,,
165928,165928,,UT,1.00a,,22:49:16 30-Oct-2016,,B,40.8240,-67.6330,,0,,,,,,,,,,,,,,,,,,,,,,,,,,,,,,,,,,
165928,165928,,UT,,,11:07:58 31-Oct-2016,,B,40.5340,-67.5270,,,,,2757,,,,,,,,,,,,,,,,,,,,,,,,,,,,,,,
165928,165928,,UT,1.00a,,11:12:47 31-Oct-2016,,1,40.5360,-67.5330,,0,,,,,,,,,,,,,,,,,,,,,,,,,,,,,,,,,,
165928,165928,,UT,,,11:15:20 31-Oct-2016,,B,40.5340,-67.5270,,,,,2762,,,,,,,,,,,,,,,,,,,,,,,,,,,,,,,
165928,165928,,UT,,11:19:23 31-Oct-2016,11:19:26 31-Oct-2016,3,1,40.5360,-67.5330,CRC,,,,2765,3.400,,,13.65,,,,,,,,,,,,,,255,25,,,,,,,,,0,,,
165928,165928,,UT,,18:33:31 31-Oct-2016,18:33:34 31-Oct-2016,3,B,40.3740,-67.4930,CRC,,,,2835,3.475,,,19.65,,,,,,,,,,,,,,191,25,,,,,,,,,0,,,
165928,165928,,UT,,,18:34:18 31-Oct-2016,,B,40.3740,-67.4930,,,,,,,,,,,,,,,,,,,,,,,,,,,,,,,,,,,,
165928,165928,,UT,,,13:39:13 01-Nov-2016,,B,40.2130,-67.2440,,,,,,,,,23.95,,,,,,,,,,,,,,,,,,,,,,,,,,,
165928,165928,,UT,,,14:22:53 01-Nov-2016,,0,40.2540,-67.0580,,,,,,,,,23.75,,,,,,,,,,,,,,,,,,,,,,,,,,,
165928,165928,,UT,,,14:25:13 01-Nov-2016,,0,40.2540,-67.0580,,,,,,,,,,,,,,,,,,,,,,,,,,,,,,,,,,,,
165928,165928,,UT,,,14:30:44 01-Nov-2016,,0,40.2540,-67.0580,,,,,,,,,23.90,,,,,,,,,,,,,,,,,,,,,,,,,,,
165928,165928,,UT,1.00a,,14:31:30 01-Nov-2016,,0,40.2540,-67.0580,,0,,,,,,,,,,,,,,,,,,,,,,,,,,,,,,,,,,
165928,165928,,UT,,,16:03:51 01-Nov-2016,,B,40.2830,-67.0860,,,,,,,,,,,,,,,,,,,,,,,,,,,,,,,,,,,,
165928,165928,,UT,1.00a,,16:09:07 01-Nov-2016,,B,40.2830,-67.0860,,0,,,,,,,,,,,,,,,,,,,,,,,,,,,,,,,,,,
165928,165928,,UT,,,18:26:34 01-Nov-2016,,B,40.2360,-67.0280,,,,,,,,,,,,,,,,,,,,,,,,,,,,,,,,,,,,
165928,165928,,UT,1.00a,,18:28:49 01-Nov-2016,,B,40.2360,-67.0280,,0,,,,,,,,,,,,,,,,,,,,,,,,,,,,,,,,,,
165928,165928,,UT,,,20:02:35 01-Nov-2016,,1,40.2320,-67.0230,,,,,,,,,23.70,,,,,,,,,,,,,,,,,,,,,,,,,,,
165928,165928,,UT,1.00a,,20:03:20 01-Nov-2016,,1,40.2320,-67.0230,,0,,,,,,,,,,,,,,,,,,,,,,,,,,,,,,,,,,
165928,165928,,UT,,,20:06:19 01-Nov-2016,,1,40.2320,-67.0230,,,,,,,,,23.45,,,,,,,,,,,,,,,,,,,,,,,,,,,
165928,165928,,UT,,20:11:49 01-Nov-2016,20:11:52 01-Nov-2016,3,1,40.2320,-67.0230,CRC,,,,3165,3.475,,,23.55,,,,,,,,,,,,,,255,22,,,,,,,,,0,,,
165928,165928,,UT,1.00a,,20:26:11 01-Nov-2016,,A,40.2480,-67.0080,,0,,,,,,,,,,,,,,,,,,,,,,,,,,,,,,,,,,
165928,165928,,UT,,,20:29:10 01-Nov-2016,,A,40.2480,-67.0080,,,,,,,,,23.45,,,,,,,,,,,,,,,,,,,,,,,,,,,
165928,165928,,UT,,,20:43:34 01-Nov-2016,,A,40.2480,-66.9940,,,,,3207,,,,,,,,,,,,,,,,,,,,,,,,,,,,,,,
165928,165928,,UT,1.00a,,20:45:04 01-Nov-2016,,A,40.2480,-66.9940,,0,,,,,,,,,,,,,,,,,,,,,,,,,,,,,,,,,,
165928,165928,,UT,,,20:50:51 01-Nov-2016,,A,40.2480,-66.9940,,,,,,,,,,,,,,,,,,,,,,,,,,,,,,,,,,,,
165928,165928,,UT,,,22:20:57 01-Nov-2016,,B,40.2390,-66.9480,,,,,3277,,,,,,,,,,,,,,,,,,,,,,,,,,,,,,,
165928,165928,,UT,,,20:36:17 02-Nov-2016,,B,40.4500,-66.9010,,,,,,,,,,,,,,,,,,,,,,,,,,,,,,,,,,,,
165928,165928,,UT,1.00a,,13:48:20 03-Nov-2016,,B,40.5470,-66.5710,,0,,,,,,,,,,,,,,,,,,,,,,,,,,,,,,,,,,
165928,165928,,UT,1.00a,,19:46:02 03-Nov-2016,,0,41.0000,-67.0750,,0,,,,,,,,,,,,,,,,,,,,,,,,,,,,,,,,,,
165928,165928,,UT,,19:46:42 03-Nov-2016,19:46:46 03-Nov-2016,4,0,41.0000,-67.0750,CRC,,,,3455,3.400,,,12.75,,,,,,,,,,,,,,255,21,,,,,,,,,0,,,
165928,165928,,UT,,,19:47:39 03-Nov-2016,,0,41.0000,-67.0750,,,,,,,,,,,,,,,,,,,,,,,,,,,,,,,,,,,,
165928,165928,,UT,1.00a,,21:17:15 03-Nov-2016,,B,41.0210,-67.0880,,0,,,,,,,,,,,,,,,,,,,,,,,,,,,,,,,,,,
165928,165928,,UT,,,21:18:52 03-Nov-2016,,B,41.0210,-67.0880,,,,,,,,,,,,,,,,,,,,,,,,,,,,,,,,,,,,
165928,165928,,UT,,,22:08:19 03-Nov-2016,,B,41.0390,-67.0980,,,,,,,,,,,,,,,,,,,,,,,,,,,,,,,,,,,,
165928,165928,,UT,,,20:49:48 04-Nov-2016,,2,41.4040,-67.4870,,,,,3587,,,,,,,,,,,,,,,,,,,,,,,,,,,,,,,
165928,165928,,UT,1.00a,,20:51:23 04-Nov-2016,,2,41.4040,-67.4870,,0,,,,,,,,,,,,,,,,,,,,,,,,,,,,,,,,,,
165928,165928,,UT,,,20:53:13 04-Nov-2016,,2,41.4040,-67.4870,,,,,,,,,,,,,,,,,,,,,,,,,,,,,,,,,,,,
165928,165928,,UT,,,21:51:12 04-Nov-2016,,B,41.4170,-67.5020,,,,,3602,,,,,,,,,,,,,,,,,,,,,,,,,,,,,,,
165928,165928,,UT,,19:21:04 05-Nov-2016,19:21:07 05-Nov-2016,3,0,41.0990,-67.7590,CRC,,,,3795,3.400,,,15.25,,,,,,,,,,,,,,172,25,,,,,,,,,0,,,
165928,165928,,UT,,,19:22:10 05-Nov-2016,,0,41.0990,-67.7590,,,,,,,,,,,,,,,,,,,,,,,,,,,,,,,,,,,,
165928,165928,,UT,,,07:47:56 06-Nov-2016,,B,41.2100,-67.9130,,,,,,,,,,,,,,,,,,,,,,,,,,,,,,,,,,,,
165928,165928,,UT,,,17:26:07 06-Nov-2016,,2,41.2020,-67.8480,,,,,4007,,,,,,,,,,,,,,,,,,,,,,,,,,,,,,,
165928,165928,,UT,,17:28:20 06-Nov-2016,17:28:23 06-Nov-2016,3,2,41.2020,-67.8480,CRC,,,,4010,3.425,,,15.15,,,,,,,,,,,,,,255,25,,,,,,,,,0,,,
165928,165928,,UT,,,17:30:17 06-Nov-2016,,2,41.2020,-67.8480,,,,,8108,,,,,,,,,,,,,,,,,,,,,,,,,,,,,,,
165928,165928,,UT,1.00a,,17:31:44 06-Nov-2016,,2,41.2020,-67.8480,,0,,,,,,,,,,,,,,,,,,,,,,,,,,,,,,,,,,
165928,165928,,UT,,17:32:24 06-Nov-2016,17:32:28 06-Nov-2016,4,2,41.2020,-67.8480,CRC,,,,4015,3.375,,,15.15,,,,,,,,,,,,,,184,25,,,,,,,,,0,,,
165928,165928,,UT,,,17:33:12 06-Nov-2016,,2,41.2020,-67.8480,,,,,,,,,,,,,,,,,,,,,,,,,,,,,,,,,,,,
165928,165928,,UT,,,17:33:59 06-Nov-2016,,2,41.2020,-67.8480,,,,,4017,,,,,,,,,,,,,,,,,,,,,,,,,,,,,,,
165928,165928,,UT,,,17:34:50 06-Nov-2016,,2,41.2020,-67.8480,,,,,,,,,15.15,,,,,,,,,,,,,,,,,,,,,,,,,,,
165928,165928,,UT,,,19:06:29 06-Nov-2016,,1,41.1770,-67.8210,,,,,,,,,,,,,,,,,,,,,,,,,,,,,,,,,,,,
165928,165928,,UT,,,19:08:08 06-Nov-2016,,1,41.1770,-67.8210,,,,,,,,,15.15,,,,,,,,,,,,,,,,,,,,,,,,,,,
165928,165928,,UT,,,20:00:03 06-Nov-2016,,B,41.1770,-67.8190,,,,,,,,,,,,,,,,,,,,,,,,,,,,,,,,,,,,
165928,165928,,UT,,,20:50:39 06-Nov-2016,,B,41.1760,-67.8200,,,,,,,,,15.15,,,,,,,,,,,,,,,,,,,,,,,,,,,
165928,165928,,UT,,,21:29:02 06-Nov-2016,,3,41.1280,-67.7910,,,,,,,,,15.05,,,,,,,,,,,,,,,,,,,,,,,,,,,
165928,165928,,UT,1.00a,,21:29:52 06-Nov-2016,,3,41.1280,-67.7910,,0,,,,,,,,,,,,,,,,,,,,,,,,,,,,,,,,,,
165928,165928,,UT,,21:30:37 06-Nov-2016,21:30:41 06-Nov-2016,4,3,41.1280,-67.7910,CRC,,,,4190,3.450,,,15.05,,,,,,,,,,,,,,170,25,,,,,,,,,0,,,
165928,165928,,UT,,,21:31:35 06-Nov-2016,,3,41.1280,-67.7910,,,,,,,,,,,,,,,,,,,,,,,,,,,,,,,,,,,,
165928,165928,,UT,,,21:36:25 06-Nov-2016,,3,41.1270,-67.7980,,,,,4197,,,,,,,,,,,,,,,,,,,,,,,,,,,,,,,
165928,165928,,UT,,,21:37:12 06-Nov-2016,,3,41.1270,-67.7980,,,,,,,,,15.10,,,,,,,,,,,,,,,,,,,,,,,,,,,
165928,165928,,UT,,21:38:48 06-Nov-2016,21:38:52 06-Nov-2016,4,3,41.1270,-67.7980,CRC,,,,4200,3.425,,,15.10,,,,,,,,,,,,,,98,25,,,,,,,,,0,,,
165928,165928,,UT,,,21:40:22 06-Nov-2016,,3,41.1270,-67.7980,,,,,4202,,,,,,,,,,,,,,,,,,,,,,,,,,,,,,,
165928,165928,,UT,,,21:41:17 06-Nov-2016,,3,41.1270,-67.7980,,,,,,,,,15.15,,,,,,,,,,,,,,,,,,,,,,,,,,,
165928,165928,,UT,1.00a,,21:42:14 06-Nov-2016,,3,41.1270,-67.7980,,0,,,,,,,,,,,,,,,,,,,,,,,,,,,,,,,,,,
165928,165928,,UT,,,21:44:35 06-Nov-2016,,3,41.1270,-67.7980,,,,,,,,,,,,,,,,,,,,,,,,,,,,,,,,,,,,
165928,165928,,UT,,,23:13:18 06-Nov-2016,,A,41.1090,-67.7810,,,,,4222,,,,,,,,,,,,,,,,,,,,,,,,,,,,,,,
165928,165928,,UT,,,23:14:05 06-Nov-2016,,A,41.1090,-67.7810,,,,,,,,,15.10,,,,,,,,,,,,,,,,,,,,,,,,,,,
165928,165928,,UT,1.00a,,23:14:50 06-Nov-2016,,A,41.1090,-67.7810,,0,,,,,,,,,,,,,,,,,,,,,,,,,,,,,,,,,,
165928,165928,,UT,,,23:18:19 06-Nov-2016,,A,41.1030,-67.8420,,,,,,,,,15.10,,,,,,,,,,,,,,,,,,,,,,,,,,,
165928,165928,,UT,,,23:20:35 06-Nov-2016,,A,41.1030,-67.8420,,,,,,,,,,,,,,,,,,,,,,,,,,,,,,,,,,,,
165928,165928,,UT,,,00:01:13 07-Nov-2016,,3,41.0800,-67.8630,,,,,4267,,,,,,,,,,,,,,,,,,,,,,,,,,,,,,,
165928,165928,,UT,,,00:05:04 07-Nov-2016,,3,41.0800,-67.8630,,,,,4272,,,,,,,,,,,,,,,,,,,,,,,,,,,,,,,
165928,165928,,UT,,,00:05:50 07-Nov-2016,,3,41.0800,-67.8630,,,,,,,,,15.00,,,,,,,,,,,,,,,,,,,,,,,,,,,
165928,165928,,UT,1.00a,,00:06:44 07-Nov-2016,,3,41.0800,-67.8630,,0,,,,,,,,,,,,,,,,,,,,,,,,,,,,,,,,,,
165928,165928,,UT,,,00:08:17 07-Nov-2016,,3,41.0800,-67.8630,,,,,,,,,,,,,,,,,,,,,,,,,,,,,,,,,,,,
165928,165928,,UT,,,00:09:00 07-Nov-2016,,3,41.0800,-67.8630,,,,,181,,,,,,,,,,,,,,,,,,,,,,,,,,,,,,,
165928,165928,,UT,1.00a,,19:01:29 07-Nov-2016,,0,40.4800,-67.8820,,0,,,,,,,,,,,,,,,,,,,,,,,,,,,,,,,,,,
165928,165928,,UT,,,19:03:45 07-Nov-2016,,0,40.4800,-67.8820,,,,,4297,,,,,,,,,,,,,,,,,,,,,,,,,,,,,,,
165928,165928,,UT,,,19:04:33 07-Nov-2016,,0,40.4800,-67.8820,,,,,,,,,20.40,,,,,,,,,,,,,,,,,,,,,,,,,,,
165928,165928,,UT,1.00a,,21:11:13 07-Nov-2016,,B,40.4560,-67.8740,,0,,,,,,,,,,,,,,,,,,,,,,,,,,,,,,,,,,
165928,165928,,UT,,,21:21:24 07-Nov-2016,,B,40.4500,-67.8200,,,,,,,,,,,,,,,,,,,,,,,,,,,,,,,,,,,,
165928,165928,,UT,3.00a,,21:49:18 07-Nov-2016,,1,40.4670,-67.7590,,0,,,,,,,,,,,,,,,,,,,,,,,,,,,,,,,,,,
165928,165928,,UT,,,21:51:43 07-Nov-2016,,1,40.4670,-67.7590,,,,,4372,,,,,,,,,,,,,,,,,,,,,,,,,,,,,,,
165928,165928,,UT,,,21:52:34 07-Nov-2016,,1,40.4670,-67.7590,,,,,,,,,20.75,,,,,,,,,,,,,,,,,,,,,,,,,,,
165928,165928,,UT,,,21:55:38 07-Nov-2016,,1,40.4670,-67.7590,,,,,4377,,,,,,,,,,,,,,,,,,,,,,,,,,,,,,,
165928,165928,,UT,,,21:56:23 07-Nov-2016,,1,40.4670,-67.7590,,,,,,,,,20.65,,,,,,,,,,,,,,,,,,,,,,,,,,,
165928,165928,,UT,1.00a,,21:57:12 07-Nov-2016,,1,40.4670,-67.7590,,0,,,,,,,,,,,,,,,,,,,,,,,,,,,,,,,,,,
165928,165928,,UT,1.00a,,08:57:46 08-Nov-2016,,2,40.3320,-67.7560,,0,,,,,,,,,,,,,,,,,,,,,,,,,,,,,,,,,,
165928,165928,,UT,,,08:59:15 08-Nov-2016,,2,40.3320,-67.7560,,,,,,,,,,,,,,,,,,,,,,,,,,,,,,,,,,,,
165928,165928,,UT,,,09:00:02 08-Nov-2016,,2,40.3320,-67.7560,,,,,4467,,,,,,,,,,,,,,,,,,,,,,,,,,,,,,,
165928,165928,,UT,,,09:00:46 08-Nov-2016,,2,40.3320,-67.7560,,,,,,,,,20.80,,,,,,,,,,,,,,,,,,,,,,,,,,,
165928,165928,,UT,,,09:04:32 08-Nov-2016,,2,40.3320,-67.7560,,,,,,,,,20.90,,,,,,,,,,,,,,,,,,,,,,,,,,,
165928,165928,,UT,1.00a,,10:54:41 08-Nov-2016,,A,40.3520,-67.7660,,0,,,,,,,,,,,,,,,,,,,,,,,,,,,,,,,,,,
165928,165928,,UT,,,11:19:55 08-Nov-2016,,B,40.3410,-67.7760,,,,,,,,,,,,,,,,,,,,,,,,,,,,,,,,,,,,
165928,165928,,UT,,,20:27:40 08-Nov-2016,,B,40.3400,-67.6410,,,,,4597,,,,,,,,,,,,,,,,,,,,,,,,,,,,,,,
165928,165928,,UT,,,20:48:57 08-Nov-2016,,A,40.3410,-67.8350,,,,,,,,,20.25,,,,,,,,,,,,,,,,,,,,,,,,,,,
165928,165928,,UT,,,20:53:15 08-Nov-2016,,A,40.3410,-67.8350,,,,,4612,,,,,,,,,,,,,,,,,,,,,,,,,,,,,,,
165928,165928,,UT,1.00a,,20:55:02 08-Nov-2016,,A,40.3410,-67.8350,,0,,,,,,,,,,,,,,,,,,,,,,,,,,,,,,,,,,
165928,165928,,UT,,,21:04:27 08-Nov-2016,,A,40.3390,-67.8410,,,,,,,,,,,,,,,,,,,,,,,,,,,,,,,,,,,,
165928,165928,,UT,,,21:05:44 08-Nov-2016,,A,40.3390,-67.8410,,,,,4622,,,,,,,,,,,,,,,,,,,,,,,,,,,,,,,
165928,165928,,UT,1.00a,,21:07:47 08-Nov-2016,,A,40.3390,-67.8410,,0,,,,,,,,,,,,,,,,,,,,,,,,,,,,,,,,,,
165928,165928,,UT,,,21:22:08 08-Nov-2016,,A,40.3400,-67.8320,,,,,4637,,,,,,,,,,,,,,,,,,,,,,,,,,,,,,,
165928,165928,,UT,1.00a,,21:24:36 08-Nov-2016,,A,40.3400,-67.8320,,0,,,,,,,,,,,,,,,,,,,,,,,,,,,,,,,,,,
165928,165928,,UT,,,13:24:32 09-Nov-2016,,B,40.2340,-67.8840,,,,,,,,,,,,,,,,,,,,,,,,,,,,,,,,,,,,
165928,165928,,UT,,,20:17:39 09-Nov-2016,,B,40.1810,-67.8730,,,,,4777,,,,,,,,,,,,,,,,,,,,,,,,,,,,,,,
165928,165928,,UT,,,20:56:39 09-Nov-2016,,B,40.1750,-67.9920,,,,,,,,,,,,,,,,,,,,,,,,,,,,,,,,,,,,
165928,165928,,UT,,,01:36:40 10-Nov-2016,,B,40.1620,-67.9610,,,,,,,,,,,,,,,,,,,,,,,,,,,,,,,,,,,,
165928,165928,,UT,,,10:57:22 10-Nov-2016,,A,40.1480,-68.1510,,,,,4907,,,,,,,,,,,,,,,,,,,,,,,,,,,,,,,
165928,165928,,UT,1.00a,,10:59:04 10-Nov-2016,,A,40.1480,-68.1510,,0,,,,,,,,,,,,,,,,,,,,,,,,,,,,,,,,,,
165928,165928,,UT,,,11:26:01 10-Nov-2016,,B,40.1480,-68.1500,,,,,,,,,21.15,,,,,,,,,,,,,,,,,,,,,,,,,,,
165928,165928,,UT,,,14:39:27 10-Nov-2016,,1,40.1130,-68.1460,,,,,,,,,,,,,,,,,,,,,,,,,,,,,,,,,,,,
165928,165928,,UT,,,14:40:11 10-Nov-2016,,1,40.1130,-68.1460,,,,,4977,,,,,,,,,,,,,,,,,,,,,,,,,,,,,,,
165928,165928,,UT,1.00a,,14:41:43 10-Nov-2016,,1,40.1130,-68.1460,,0,,,,,,,,,,,,,,,,,,,,,,,,,,,,,,,,,,
165928,165928,,UT,,,09:14:53 11-Nov-2016,,B,40.0340,-68.2270,,,,,5067,,,,,,,,,,,,,,,,,,,,,,,,,,,,,,,
165928,165928,,UT,,,09:15:39 11-Nov-2016,,B,40.0340,-68.2270,,,,,,,,,23.25,,,,,,,,,,,,,,,,,,,,,,,,,,,
165928,165928,,UT,,,10:47:36 11-Nov-2016,,B,40.0110,-68.2900,,,,,,,,,,,,,,,,,,,,,,,,,,,,,,,,,,,,
165928,165928,,UT,,,10:56:10 11-Nov-2016,,B,40.0230,-68.2960,,,,,5112,,,,,,,,,,,,,,,,,,,,,,,,,,,,,,,
165928,165928,,UT,,,11:33:41 11-Nov-2016,,B,40.0350,-68.2760,,,,,5137,,,,,,,,,,,,,,,,,,,,,,,,,,,,,,,
165928,165928,,UT,,,11:34:54 11-Nov-2016,,B,40.0350,-68.2760,,,,,,,,,23.00,,,,,,,,,,,,,,,,,,,,,,,,,,,
165928,165928,,UT,,,12:31:28 11-Nov-2016,,B,40.0410,-68.2990,,,,,5167,,,,,,,,,,,,,,,,,,,,,,,,,,,,,,,
165928,165928,,UT,,,14:17:39 11-Nov-2016,,B,40.0450,-68.3140,,,,,5202,,,,,,,,,,,,,,,,,,,,,,,,,,,,,,,
165928,165928,,UT,,,03:21:27 12-Nov-2016,,B,40.0340,-68.3020,,,,,5407,,,,,,,,,,,,,,,,,,,,,,,,,,,,,,,
165928,165928,,UT,,,19:41:55 12-Nov-2016,,B,39.8990,-68.9340,,,,,,,,,20.20,,,,,,,,,,,,,,,,,,,,,,,,,,,
165928,165928,,UT,,,19:44:43 12-Nov-2016,,B,39.8990,-68.9340,,,,,,,,,,,,,,,,,,,,,,,,,,,,,,,,,,,,
165928,165928,,UT,,,21:55:28 12-Nov-2016,,B,39.8190,-69.0430,,,,,5577,,,,,,,,,,,,,,,,,,,,,,,,,,,,,,,
165928,165928,,UT,,,21:59:25 12-Nov-2016,,B,39.8190,-69.0430,,,,,5582,,,,,,,,,,,,,,,,,,,,,,,,,,,,,,,
165928,165928,,UT,1.00a,,07:56:47 14-Nov-2016,,B,39.6310,-69.2880,,0,,,,,,,,,,,,,,,,,,,,,,,,,,,,,,,,,,
165928,165928,,UT,,,11:05:57 14-Nov-2016,,B,39.5590,-69.6760,,,,,5747,,,,,,,,,,,,,,,,,,,,,,,,,,,,,,,
165928,165928,,UT,,,13:12:26 15-Nov-2016,,B,39.4170,-70.1960,,,,,5902,,,,,,,,,,,,,,,,,,,,,,,,,,,,,,,
165928,165928,,UT,,,15:35:07 15-Nov-2016,,B,39.5120,-70.3030,,,,,5927,,,,,,,,,,,,,,,,,,,,,,,,,,,,,,,
165928,165928,,UT,1.00a,,19:01:53 15-Nov-2016,,B,39.5190,-70.3720,,0,,,,,,,,,,,,,,,,,,,,,,,,,,,,,,,,,,
165928,165928,,UT,,,19:05:29 15-Nov-2016,,B,39.5190,-70.3720,,,,,,,,,,,,,,,,,,,,,,,,,,,,,,,,,,,,
165928,165928,,UT,,,07:17:45 17-Nov-2016,,A,39.1820,-71.3190,,,,,,,,,,,,,,,,,,,,,,,,,,,,,,,,,,,,
165928,165928,,UT,1.00a,,07:22:11 17-Nov-2016,,A,39.1820,-71.3190,,0,,,,,,,,,,,,,,,,,,,,,,,,,,,,,,,,,,
165928,165928,,UT,1.00a,,09:27:55 17-Nov-2016,,A,39.1460,-71.3520,,0,,,,,,,,,,,,,,,,,,,,,,,,,,,,,,,,,,
165928,165928,,UT,,,09:34:03 17-Nov-2016,,A,39.1460,-71.3520,,,,,6117,,,,,,,,,,,,,,,,,,,,,,,,,,,,,,,
165928,165928,,UT,,,09:34:51 17-Nov-2016,,A,39.1460,-71.3520,,,,,,,,,19.00,,,,,,,,,,,,,,,,,,,,,,,,,,,
165928,165928,,UT,,,11:12:16 17-Nov-2016,,A,39.1190,-71.3830,,,,,,,,,19.20,,,,,,,,,,,,,,,,,,,,,,,,,,,
165928,165928,,UT,1.00a,,11:13:24 17-Nov-2016,,A,39.1190,-71.3830,,0,,,,,,,,,,,,,,,,,,,,,,,,,,,,,,,,,,
165928,165928,,UT,,,11:15:04 17-Nov-2016,,A,39.1080,-71.3770,,,,,,,,,,,,,,,,,,,,,,,,,,,,,,,,,,,,
165928,165928,,UT,,11:18:12 17-Nov-2016,11:18:16 17-Nov-2016,4,A,39.1080,-71.3770,CRC,,,,6200,3.425,,,19.20,,,,,,,,,,,,,,218,21,,,,,,,,,0,,,
165928,165928,,UT,,,23:46:47 17-Nov-2016,,B,39.0600,-71.5150,,,,,6337,,,,,,,,,,,,,,,,,,,,,,,,,,,,,,,
165928,165928,,UT,,,01:22:51 18-Nov-2016,,A,39.0750,-71.6700,,,,,,,,,,,,,,,,,,,,,,,,,,,,,,,,,,,,
165928,165928,,UT,,10:26:49 18-Nov-2016,10:26:53 18-Nov-2016,4,B,39.0660,-72.0770,CRC,,,,6450,3.375,,,18.90,,,,,,,,,,,,,,255,21,,,,,,,,,0,,,
165928,165928,,UT,1.00a,,14:29:24 18-Nov-2016,,B,39.0350,-72.2350,,0,,,,,,,,,,,,,,,,,,,,,,,,,,,,,,,,,,
165928,165928,,UT,,,22:51:47 18-Nov-2016,,A,38.9250,-72.2300,,,,,6572,,,,,,,,,,,,,,,,,,,,,,,,,,,,,,,
165928,165928,,UT,1.00a,,22:53:19 18-Nov-2016,,A,38.9250,-72.2300,,0,,,,,,,,,,,,,,,,,,,,,,,,,,,,,,,,,,
165928,165928,,UT,,22:54:09 18-Nov-2016,22:54:14 18-Nov-2016,5,A,38.9250,-72.2300,CRC,,,,6575,3.425,,,17.15,,,,,,,,,,,,,,255,21,,,,,,,,,0,,,
165928,165928,,UT,,,08:36:43 19-Nov-2016,,B,38.8230,-72.3820,,,,,6742,,,,,,,,,,,,,,,,,,,,,,,,,,,,,,,
165928,165928,,UT,,,22:17:54 19-Nov-2016,,B,38.8410,-72.3230,,,,,,,,,18.60,,,,,,,,,,,,,,,,,,,,,,,,,,,
165928,165928,,UT,,,08:24:43 20-Nov-2016,,A,38.7460,-72.2040,,,,,6987,,,,,,,,,,,,,,,,,,,,,,,,,,,,,,,
165928,165928,,UT,,,08:25:47 20-Nov-2016,,A,38.7460,-72.2040,,,,,,,,,18.75,,,,,,,,,,,,,,,,,,,,,,,,,,,
165928,165928,,UT,1.00a,,08:26:35 20-Nov-2016,,A,38.7460,-72.2040,,0,,,,,,,,,,,,,,,,,,,,,,,,,,,,,,,,,,
165928,165928,,UT,1.00a,,22:07:36 20-Nov-2016,,B,38.5330,-72.3340,,0,,,,,,,,,,,,,,,,,,,,,,,,,,,,,,,,,,
165928,165928,,UT,,22:28:29 20-Nov-2016,22:28:34 20-Nov-2016,5,B,38.5730,-72.2020,CRC,,,,7115,3.400,,,18.50,,,,,,,,,,,,,,255,21,,,,,,,,,0,,,
165928,165928,,UT,,,23:27:45 20-Nov-2016,,A,38.5320,-71.7940,,,,,,,,,,,,,,,,,,,,,,,,,,,,,,,,,,,,
165928,165928,,UT,,,23:32:28 20-Nov-2016,,A,38.5320,-71.7940,,,,,7162,,,,,,,,,,,,,,,,,,,,,,,,,,,,,,,
165928,165928,,UT,,,23:52:47 20-Nov-2016,,B,38.5330,-71.7940,,,,,7187,,,,,,,,,,,,,,,,,,,,,,,,,,,,,,,
165928,165928,,UT,1.00a,,22:06:22 21-Nov-2016,,A,37.8960,-71.6660,,0,,,,,,,,,,,,,,,,,,,,,,,,,,,,,,,,,,
165928,165928,,UT,,22:07:05 21-Nov-2016,22:07:10 21-Nov-2016,5,A,37.8960,-71.6660,CRC,,,,7320,3.450,,,22.50,,,,,,,,,,,,,,248,21,,,,,,,,,0,,,
165928,165928,,UT,,,22:09:32 21-Nov-2016,,A,37.8960,-71.6660,,,,,,,,,22.30,,,,,,,,,,,,,,,,,,,,,,,,,,,
165928,165928,,UT,,,23:44:42 21-Nov-2016,,B,37.8850,-71.6640,,,,,,,,,,,,,,,,,,,,,,,,,,,,,,,,,,,,
165928,165928,,UT,1.00a,,23:55:56 21-Nov-2016,,A,37.9730,-71.5740,,0,,,,,,,,,,,,,,,,,,,,,,,,,,,,,,,,,,
165928,165928,,UT,,,23:58:08 21-Nov-2016,,A,37.9730,-71.5740,,,,,7377,,,,,,,,,,,,,,,,,,,,,,,,,,,,,,,
165928,165928,,UT,1.00a,,23:17:35 22-Nov-2016,,B,38.0890,-71.1310,,0,,,,,,,,,,,,,,,,,,,,,,,,,,,,,,,,,,
165928,165928,,UT,,,01:08:41 23-Nov-2016,,2,38.2250,-70.7500,,,,,7667,,,,,,,,,,,,,,,,,,,,,,,,,,,,,,,
165928,165928,,UT,,01:10:50 23-Nov-2016,01:10:55 23-Nov-2016,5,2,38.2250,-70.7500,CRC,,,,7670,3.400,,,18.35,,,,,,,,,,,,,,127,20,,,,,,,,,0,,,
165928,165928,,UT,,01:14:38 23-Nov-2016,01:14:43 23-Nov-2016,5,2,38.2250,-70.7500,CRC,,,,7675,3.425,,,18.35,,,,,,,,,,,,,,91,20,,,,,,,,,0,,,
165928,165928,,UT,,,01:16:28 23-Nov-2016,,2,38.2250,-70.7500,,,,,7677,,,,,,,,,,,,,,,,,,,,,,,,,,,,,,,
165928,165928,,UT,,,01:17:13 23-Nov-2016,,2,38.2250,-70.7500,,,,,,,,,18.35,,,,,,,,,,,,,,,,,,,,,,,,,,,
165928,165928,,UT,,,02:56:48 23-Nov-2016,,B,38.2540,-70.6770,,,,,,,,,,,,,,,,,,,,,,,,,,,,,,,,,,,,
165928,165928,,UT,,,14:15:50 26-Nov-2016,,,,,,,,,,,,,18.65,,,,,,,,,,,,,,,,,,,,,,,,,,,
165928,165928,,UT,1.00a,,22:05:42 26-Nov-2016,,1,37.9800,-69.3300,,0,,,,,,,,,,,,,,,,,,,,,,,,,,,,,,,,,,
165928,165928,,UT,,,01:32:38 27-Nov-2016,,B,37.9200,-69.3070,,,,,,,,,,,,,,,,,,,,,,,,,,,,,,,,,,,,
165928,165928,,UT,,,07:05:37 27-Nov-2016,,B,37.8720,-69.2700,,,,,,,,,19.25,,,,,,,,,,,,,,,,,,,,,,,,,,,
165928,165928,,UT,,,20:15:32 27-Nov-2016,,B,37.8280,-68.8520,,,,,,,,,19.15,,,,,,,,,,,,,,,,,,,,,,,,,,,
165928,165928,,UT,1.00a,,06:58:01 28-Nov-2016,,B,37.7080,-68.8770,,0,,,,,,,,,,,,,,,,,,,,,,,,,,,,,,,,,,
165928,165928,,UT,,,10:27:08 28-Nov-2016,,B,37.3170,-68.5130,,,,,,,,,,,,,,,,,,,,,,,,,,,,,,,,,,,,
165928,165928,,UT,,,10:50:26 28-Nov-2016,,B,37.3100,-68.0070,,,,,8472,,,,,,,,,,,,,,,,,,,,,,,,,,,,,,,
165928,165928,,UT,1.00a,,10:52:02 28-Nov-2016,,B,37.3100,-68.0070,,0,,,,,,,,,,,,,,,,,,,,,,,,,,,,,,,,,,
165928,165928,,UT,,,22:10:18 29-Nov-2016,,,,,,,,,8752,,,,,,,,,,,,,,,,,,,,,,,,,,,,,,,
165928,165928,,UT,,,08:10:20 30-Nov-2016,,1,37.6380,-67.6830,,,,,,,,,,,,,,,,,,,,,,,,,,,,,,,,,,,,
165928,165928,,UT,,,08:11:51 30-Nov-2016,,1,37.6380,-67.6830,,,,,,,,,19.50,,,,,,,,,,,,,,,,,,,,,,,,,,,
165928,165928,,UT,,,08:15:54 30-Nov-2016,,1,37.6380,-67.6830,,,,,,,,,19.45,,,,,,,,,,,,,,,,,,,,,,,,,,,
165928,165928,,UT,,,01:03:35 01-Dec-2016,,B,37.5380,-67.5970,,,,,9107,,,,,,,,,,,,,,,,,,,,,,,,,,,,,,,
165928,165928,,UT,,,01:43:28 01-Dec-2016,,B,37.5180,-67.5660,,,,,9112,,,,,,,,,,,,,,,,,,,,,,,,,,,,,,,
165928,165928,,UT,,,06:18:37 01-Dec-2016,,B,37.4460,-67.3880,,,,,,,,,,,,,,,,,,,,,,,,,,,,,,,,,,,,
165928,165928,,UT,,,22:18:32 02-Dec-2016,,,,,,,,,,,,,,,,,,,,,,,,,,,,,,,,,,,,,,,,
165928,165928,,UT,,,22:28:41 02-Dec-2016,,,,,,,,,,,,,18.65,,,,,,,,,,,,,,,,,,,,,,,,,,,
165928,165928,,UT,,,07:22:34 04-Dec-2016,,B,38.6600,-63.4910,,,,,9812,,,,,,,,,,,,,,,,,,,,,,,,,,,,,,,
165928,165928,,UT,,,07:25:57 04-Dec-2016,,B,38.6600,-63.4910,,,,,,,,,,,,,,,,,,,,,,,,,,,,,,,,,,,,
165928,165928,,UT,,,09:01:47 04-Dec-2016,,A,38.6550,-63.4360,,,,,9862,,,,,,,,,,,,,,,,,,,,,,,,,,,,,,,
165928,165928,,UT,,,09:02:35 04-Dec-2016,,A,38.6550,-63.4360,,,,,,,,,23.45,,,,,,,,,,,,,,,,,,,,,,,,,,,
165928,165928,,UT,,02:05:33 05-Dec-2016,02:05:39 05-Dec-2016,6,A,38.4740,-62.9880,CRC,,,,9945,3.400,,,23.65,,,,,,,,,,,,,,239,19,,,,,,,,,0,,,
165928,165928,,UT,,,02:06:24 05-Dec-2016,,A,38.4740,-62.9880,,,,,,,,,,,,,,,,,,,,,,,,,,,,,,,,,,,,
165928,165928,,UT,,,07:13:31 05-Dec-2016,,A,38.4050,-62.8460,,,,,,,,,,,,,,,,,,,,,,,,,,,,,,,,,,,,
165928,165928,,UT,,,07:15:09 05-Dec-2016,,A,38.4050,-62.8460,,,,,,,,,23.15,,,,,,,,,,,,,,,,,,,,,,,,,,,
165928,165928,,UT,,,07:18:23 05-Dec-2016,,A,38.4050,-62.8460,,,,,10047,,,,,,,,,,,,,,,,,,,,,,,,,,,,,,,
165928,165928,,UT,1.00a,,08:47:46 06-Dec-2016,,,,,,0,,,,,,,,,,,,,,,,,,,,,,,,,,,,,,,,,,
165928,165928,,UT,,,09:40:36 09-Dec-2016,,,,,,,,,,,,,,,,,,,,,,,,,,,,,,,,,,,,,,,,
165928,165928,,UT,1.00a,,09:43:02 09-Dec-2016,,,,,,0,,,,,,,,,,,,,,,,,,,,,,,,,,,,,,,,,,
165928,165928,,UT,,,10:28:14 09-Dec-2016,,,,,,,,,,,,,21.90,,,,,,,,,,,,,,,,,,,,,,,,,,,
165928,165928,,UT,1.00a,,12:04:04 09-Dec-2016,,B,35.6560,-62.0150,,0,,,,,,,,,,,,,,,,,,,,,,,,,,,,,,,,,,
165928,165928,,UT,,,06:18:45 10-Dec-2016,,B,35.2110,-62.0710,,,,,,,,,,,,,,,,,,,,,,,,,,,,,,,,,,,,
165928,165928,,UT,,,08:01:13 10-Dec-2016,,B,35.1310,-61.8960,,,,,,,,,,,,,,,,,,,,,,,,,,,,,,,,,,,,
165928,165928,,UT,1.00a,,08:42:29 11-Dec-2016,,B,34.6810,-62.1760,,0,,,,,,,,,,,,,,,,,,,,,,,,,,,,,,,,,,
165928,165928,,UT,,,10:48:52 11-Dec-2016,,1,34.4560,-62.7130,,,,,10827,,,,,,,,,,,,,,,,,,,,,,,,,,,,,,,
165928,165928,,UT,1.00a,,10:50:24 11-Dec-2016,,1,34.4560,-62.7130,,0,,,,,,,,,,,,,,,,,,,,,,,,,,,,,,,,,,
165928,165928,,UT,,,10:52:04 11-Dec-2016,,1,34.4560,-62.7130,,,,,,,,,,,,,,,,,,,,,,,,,,,,,,,,,,,,
165928,165928,,UT,,,13:59:35 11-Dec-2016,,0,34.3730,-62.8380,,,,,,,,,22.25,,,,,,,,,,,,,,,,,,,,,,,,,,,
165928,165928,,UT,1.00a,,14:00:27 11-Dec-2016,,0,34.3730,-62.8380,,0,,,,,,,,,,,,,,,,,,,,,,,,,,,,,,,,,,
165928,165928,,UT,,,14:02:09 11-Dec-2016,,0,34.3730,-62.8380,,,,,,,,,,,,,,,,,,,,,,,,,,,,,,,,,,,,
165928,165928,,UT,1.00a,,02:14:38 14-Dec-2016,,,,,,0,,,,,,,,,,,,,,,,,,,,,,,,,,,,,,,,,,
165928,165928,,UT,,,08:51:15 14-Dec-2016,,,,,,,,,,,,,,,,,,,,,,,,,,,,,,,,,,,,,,,,
165928,165928,,UT,,,07:37:18 21-Dec-2016,,,,,,,,,,,,,21.05,,,,,,,,,,,,,,,,,,,,,,,,,,,
165928,165928,,UT,1.00a,,01:09:39 22-Dec-2016,,,,,,0,,,,,,,,,,,,,,,,,,,,,,,,,,,,,,,,,,
165928,165928,,UT,,23:46:04 23-Dec-2016,23:46:10 23-Dec-2016,6,,,,CRC,,,,11645,3.400,,,21.85,,,,,,,,,,,,,,161,19,,,,,,,,,0,,,
165928,165928,,UT,,,00:29:09 24-Dec-2016,,B,31.6440,-68.2470,,,,,11704,,,,,,,,,,,,,,,,,,,,,,,,,,,,,,,
165928,165928,,UT,,,00:32:53 24-Dec-2016,,B,31.6440,-68.2470,,,,,,,,,,,,,,,,,,,,,,,,,,,,,,,,,,,,
165928,165928,,UT,,,01:49:53 25-Dec-2016,,B,31.3450,-68.0600,,,,,11897,,,,,,,,,,,,,,,,,,,,,,,,,,,,,,,
165928,165928,,UT,1.00a,,01:52:50 25-Dec-2016,,B,31.3450,-68.0600,,0,,,,,,,,,,,,,,,,,,,,,,,,,,,,,,,,,,
165928,165928,,UT,,,01:25:59 26-Dec-2016,,A,32.7830,-61.2310,,,,,,,,,22.50,,,,,,,,,,,,,,,,,,,,,,,,,,,
165928,165928,,UT,,,01:29:46 26-Dec-2016,,A,32.7830,-61.2310,,,,,12027,,,,,,,,,,,,,,,,,,,,,,,,,,,,,,,
165928,165928,,UT,1.00a,,01:31:37 26-Dec-2016,,A,32.7830,-61.2310,,0,,,,,,,,,,,,,,,,,,,,,,,,,,,,,,,,,,
165928,165928,,UT,,01:10:26 27-Dec-2016,01:10:32 27-Dec-2016,6,B,31.2950,-70.3840,CRC,,,,12440,3.425,,,21.75,,,,,,,,,,,,,,218,19,,,,,,,,,0,,,
165928,165928,,UT,,,23:14:30 29-Dec-2016,,,,,,,,,12597,,,,,,,,,,,,,,,,,,,,,,,,,,,,,,,
